{
  "hash": "92e91eec",
  "configHash": "b8dde8c3",
  "lockfileHash": "51e4946e",
  "browserHash": "d2b0a908",
  "optimized": {
    "@angular/common": {
      "src": "../../../../../../node_modules/@angular/common/fesm2022/common.mjs",
      "file": "@angular_common.js",
      "fileHash": "0d06aa0e",
      "needsInterop": false
    },
    "@angular/common/http": {
      "src": "../../../../../../node_modules/@angular/common/fesm2022/http.mjs",
      "file": "@angular_common_http.js",
      "fileHash": "be88ba9a",
      "needsInterop": false
    },
    "@angular/core": {
      "src": "../../../../../../node_modules/@angular/core/fesm2022/core.mjs",
      "file": "@angular_core.js",
      "fileHash": "f0224990",
      "needsInterop": false
    },
    "@angular/forms": {
      "src": "../../../../../../node_modules/@angular/forms/fesm2022/forms.mjs",
      "file": "@angular_forms.js",
      "fileHash": "6128d070",
      "needsInterop": false
    },
    "@angular/material/card": {
      "src": "../../../../../../node_modules/@angular/material/fesm2022/card.mjs",
      "file": "@angular_material_card.js",
      "fileHash": "0e37fe27",
      "needsInterop": false
    },
    "@angular/material/table": {
      "src": "../../../../../../node_modules/@angular/material/fesm2022/table.mjs",
      "file": "@angular_material_table.js",
      "fileHash": "2c89e0a2",
      "needsInterop": false
    },
    "@angular/platform-browser": {
      "src": "../../../../../../node_modules/@angular/platform-browser/fesm2022/platform-browser.mjs",
      "file": "@angular_platform-browser.js",
      "fileHash": "5c332d4e",
      "needsInterop": false
    },
    "@angular/platform-browser/animations": {
      "src": "../../../../../../node_modules/@angular/platform-browser/fesm2022/animations.mjs",
      "file": "@angular_platform-browser_animations.js",
      "fileHash": "d499b4ac",
      "needsInterop": false
    },
    "@angular/platform-browser/animations/async": {
      "src": "../../../../../../node_modules/@angular/platform-browser/fesm2022/animations/async.mjs",
      "file": "@angular_platform-browser_animations_async.js",
      "fileHash": "286dd5b8",
      "needsInterop": false
    },
    "@angular/router": {
      "src": "../../../../../../node_modules/@angular/router/fesm2022/router.mjs",
      "file": "@angular_router.js",
      "fileHash": "10fb054d",
      "needsInterop": false
    },
    "@primeng/themes/aura": {
      "src": "../../../../../../node_modules/@primeng/themes/aura/index.mjs",
      "file": "@primeng_themes_aura.js",
      "fileHash": "b2e0d707",
      "needsInterop": false
    },
    "ngx-toastr": {
      "src": "../../../../../../node_modules/ngx-toastr/fesm2022/ngx-toastr.mjs",
      "file": "ngx-toastr.js",
      "fileHash": "560dd858",
      "needsInterop": false
    },
    "primeng/card": {
      "src": "../../../../../../node_modules/primeng/fesm2022/primeng-card.mjs",
      "file": "primeng_card.js",
      "fileHash": "763e6dc1",
      "needsInterop": false
    },
    "primeng/config": {
      "src": "../../../../../../node_modules/primeng/fesm2022/primeng-config.mjs",
      "file": "primeng_config.js",
      "fileHash": "82676cc6",
      "needsInterop": false
    },
    "primeng/rating": {
      "src": "../../../../../../node_modules/primeng/fesm2022/primeng-rating.mjs",
      "file": "primeng_rating.js",
      "fileHash": "38a8ead2",
      "needsInterop": false
    }
  },
  "chunks": {
    "chunk-NVQODFSC": {
      "file": "chunk-NVQODFSC.js"
    },
    "chunk-GOYLGADV": {
      "file": "chunk-GOYLGADV.js"
    },
    "browser-3M5IE5G7": {
      "file": "browser-3M5IE5G7.js"
    },
    "chunk-23BWJUGO": {
      "file": "chunk-23BWJUGO.js"
    },
    "chunk-OWIEUP6K": {
      "file": "chunk-OWIEUP6K.js"
    },
    "chunk-3DGWSFJU": {
      "file": "chunk-3DGWSFJU.js"
    },
    "chunk-HHATRTCI": {
      "file": "chunk-HHATRTCI.js"
    },
    "chunk-DTKMHGSD": {
      "file": "chunk-DTKMHGSD.js"
    },
    "chunk-JRME76AQ": {
      "file": "chunk-JRME76AQ.js"
    },
    "chunk-PSWA62SS": {
      "file": "chunk-PSWA62SS.js"
    },
    "chunk-J2FQWUXU": {
      "file": "chunk-J2FQWUXU.js"
    },
    "chunk-WVJ2LAEC": {
      "file": "chunk-WVJ2LAEC.js"
    },
    "chunk-WDMUDEB6": {
      "file": "chunk-WDMUDEB6.js"
    }
  }
}